Taxon	site 1_phi	site 1_psi	site 2_phi	site 2_psi	site 3_phi	site 3_psi	site 4_phi	site 4_psi	site 5_phi	site 5_psi	site 6_phi	site 6_psi	site 7_phi	site 7_psi	site 8_phi	site 8_psi	site 9_phi	site 9_psi	site 10_phi	site 10_psi
7	2.665	3.003	3.005	2.982	3.249	2.682	3.136	2.836	2.717	2.815	2.698	3.236	3.169	2.86	2.791	2.905	3.069	3.027	3.049	2.984
2	2.575	2.995	3.038	2.913	3.097	2.718	3.209	2.765	2.733	2.748	2.638	3.102	3.023	2.901	2.695	2.908	3.085	2.951	3.104	2.847
1	2.537	3.031	3.001	2.857	3.243	2.621	3.28	2.875	2.71	2.766	2.746	3.167	3.11	2.985	2.732	2.865	3.104	3.001	3.151	2.806
0	2.859	2.96	3.008	2.701	3.328	2.619	2.961	2.938	2.733	2.894	2.499	3.18	2.787	2.809	3.071	2.779	2.865	2.724	2.655	3.079
3	2.739	2.89	3.091	2.537	3.272	2.633	3.171	2.941	2.74	2.835	2.536	3.122	2.744	2.856	3.204	2.704	2.961	2.602	2.748	3.049
6	2.769	2.998	3.051	2.653	3.132	2.629	3.206	2.951	2.832	2.878	2.599	3.218	2.67	2.785	3.171	2.911	2.899	2.946	2.794	3.015
5	2.855	3.232	2.859	2.882	2.934	3.017	2.645	2.826	3.279	2.731	2.314	2.633	3.038	2.858	2.987	3.272	2.835	3.093	3.042	2.987
4	2.82	2.548	3.095	2.709	2.937	2.751	3.008	2.932	3.031	3.261	2.81	3.054	2.685	3.033	2.548	3.174	2.758	3.034	2.989	2.996
8	2.84	2.628	3.069	2.966	2.788	2.968	2.771	2.982	3.068	3.296	2.972	2.983	2.778	3.056	2.797	3.262	3.102	3.133	2.884	3.108
9	2.882	2.967	3.292	2.786	2.733	2.658	2.905	3.122	2.971	3.088	2.523	2.98	2.761	2.951	2.796	3.175	3.095	2.993	2.886	2.924
Internal_Node_10	2.537	3.031	3.001	2.857	3.243	2.621	3.28	2.875	2.71	2.766	2.746	3.167	3.11	2.985	2.732	2.865	3.104	3.001	3.151	2.806
Internal_Node_11	2.617	2.977	3.103	2.877	3.179	2.708	3.241	2.823	2.691	2.76	2.681	3.136	3.083	2.894	2.754	2.899	3.038	3.009	3.078	2.896
Internal_Node_12	2.769	2.998	3.051	2.653	3.132	2.629	3.206	2.951	2.832	2.878	2.599	3.218	2.67	2.785	3.171	2.911	2.899	2.946	2.794	3.015
Internal_Node_13	2.697	3.0	3.117	2.735	3.275	2.656	3.138	2.895	2.757	2.848	2.539	3.25	2.75	2.877	3.144	2.772	2.905	2.747	2.788	2.975
Internal_Node_14	2.69	2.971	3.101	2.8	3.319	2.713	3.111	2.958	2.753	2.853	2.542	3.194	2.76	2.893	3.126	2.848	2.942	2.709	2.775	2.922
Internal_Node_15	2.84	2.628	3.069	2.966	2.788	2.968	2.771	2.982	3.068	3.296	2.972	2.983	2.778	3.056	2.797	3.262	3.102	3.133	2.884	3.108
Internal_Node_16	2.882	2.967	3.292	2.786	2.733	2.658	2.905	3.122	2.971	3.088	2.523	2.98	2.761	2.951	2.796	3.175	3.095	2.993	2.886	2.924
Internal_Node_17	2.909	2.785	3.195	2.861	2.852	2.807	2.927	3.041	3.121	3.301	2.869	3.011	2.748	2.977	2.767	3.281	3.119	2.909	2.977	2.964
Internal_Node_18	2.922	3.029	3.086	2.934	2.916	3.028	2.938	3.085	3.082	2.973	2.854	2.906	2.968	2.954	2.978	3.066	2.992	2.981	2.971	2.96
